Datetime,Water Level (m)
2026-04-24 06:00:00,0.10268544
2026-04-24 07:00:00,-0.006467609
2026-04-24 08:00:00,-0.11723792
2026-04-24 09:00:00,-0.21970607
2026-04-24 10:00:00,-0.29028755
2026-04-24 11:00:00,-0.27169517
2026-04-24 12:00:00,-0.16124438
2026-04-24 13:00:00,0.0016421615
2026-04-24 14:00:00,0.16023299
2026-04-24 15:00:00,0.30409405
2026-04-24 16:00:00,0.41945156
2026-04-24 17:00:00,0.4659471
2026-04-24 18:00:00,0.433294
2026-04-24 19:00:00,0.34491092
2026-04-24 20:00:00,0.22861421
2026-04-24 21:00:00,0.096403
2026-04-24 22:00:00,-0.03422064
2026-04-24 23:00:00,-0.15899126
2026-04-25 00:00:00,-0.22738692
2026-04-25 01:00:00,-0.21816655
2026-04-25 02:00:00,-0.16122991
2026-04-25 03:00:00,-0.065166526
2026-04-25 04:00:00,0.030009797
2026-04-25 05:00:00,0.105722345
2026-04-25 06:00:00,0.14093748
2026-04-25 07:00:00,0.1285945
2026-04-25 08:00:00,0.07627749
2026-04-25 09:00:00,-4.1488136e-05
2026-04-25 10:00:00,-0.08728841
2026-04-25 11:00:00,-0.16727401
2026-04-25 12:00:00,-0.19789964
2026-04-25 13:00:00,-0.14606224
2026-04-25 14:00:00,-0.018324751
2026-04-25 15:00:00,0.12278193
2026-04-25 16:00:00,0.25090978
2026-04-25 17:00:00,0.3569272
2026-04-25 18:00:00,0.43641663
2026-04-25 19:00:00,0.43890306
2026-04-25 20:00:00,0.37940136
2026-04-25 21:00:00,0.2834299
2026-04-25 22:00:00,0.16173954
2026-04-25 23:00:00,0.035004288
2026-04-26 00:00:00,-0.09096627
2026-04-26 01:00:00,-0.18333739
2026-04-26 02:00:00,-0.18492539
2026-04-26 03:00:00,-0.11836679
2026-04-26 04:00:00,0.008608411
2026-04-26 05:00:00,0.13430755
2026-04-26 06:00:00,0.24260671
2026-04-26 07:00:00,0.31998512
2026-04-26 08:00:00,0.333605
2026-04-26 09:00:00,0.29131126
2026-04-26 10:00:00,0.20048678
2026-04-26 11:00:00,0.105647676
2026-04-26 12:00:00,0.0026060692
2026-04-26 13:00:00,-0.08580207
2026-04-26 14:00:00,-0.088106126
2026-04-26 15:00:00,-0.00027404018
2026-04-26 16:00:00,0.15775834
2026-04-26 17:00:00,0.31137362
2026-04-26 18:00:00,0.44192517
2026-04-26 19:00:00,0.54139155
2026-04-26 20:00:00,0.5713161
2026-04-26 21:00:00,0.52405053
2026-04-26 22:00:00,0.43155694
2026-04-26 23:00:00,0.31204492
2026-04-27 00:00:00,0.17949957
2026-04-27 01:00:00,0.043645877
2026-04-27 02:00:00,-0.06327686
2026-04-27 03:00:00,-0.061758403
2026-04-27 04:00:00,0.029387366
2026-04-27 05:00:00,0.19683754
2026-04-27 06:00:00,0.36279738
2026-04-27 07:00:00,0.5102624
2026-04-27 08:00:00,0.61461294
2026-04-27 09:00:00,0.63794667
2026-04-27 10:00:00,0.5838279
2026-04-27 11:00:00,0.48345518
2026-04-27 12:00:00,0.3637645
2026-04-27 13:00:00,0.23993066
2026-04-27 14:00:00,0.13232802
2026-04-27 15:00:00,0.12534136
2026-04-27 16:00:00,0.2278586
2026-04-27 17:00:00,0.39869976
2026-04-27 18:00:00,0.56546074
2026-04-27 19:00:00,0.7101666
2026-04-27 20:00:00,0.8164721
2026-04-27 21:00:00,0.8327214
2026-04-27 22:00:00,0.7667565
2026-04-27 23:00:00,0.64416605
2026-04-28 00:00:00,0.5017328
2026-04-28 01:00:00,0.35145715
2026-04-28 02:00:00,0.19791001
2026-04-28 03:00:00,0.0921011
2026-04-28 04:00:00,0.12046765
2026-04-28 05:00:00,0.24446367
2026-04-28 06:00:00,0.43474594
2026-04-28 07:00:00,0.60900885
2026-04-28 08:00:00,0.7510079
2026-04-28 09:00:00,0.83930033
2026-04-28 10:00:00,0.83542085
2026-04-28 11:00:00,0.75351965
2026-04-28 12:00:00,0.63350505
2026-04-28 13:00:00,0.49472073
2026-04-28 14:00:00,0.34863296
2026-04-28 15:00:00,0.22140642
2026-04-28 16:00:00,0.19857407
2026-04-28 17:00:00,0.2867265
2026-04-28 18:00:00,0.45807484
2026-04-28 19:00:00,0.623376
2026-04-28 20:00:00,0.75017345
2026-04-28 21:00:00,0.8064827
2026-04-28 22:00:00,0.77919394
2026-04-28 23:00:00,0.6752677
2026-04-29 00:00:00,0.5479849
2026-04-29 01:00:00,0.40392956
2026-04-29 02:00:00,0.25447083
2026-04-29 03:00:00,0.10485725
2026-04-29 04:00:00,0.055261094
2026-04-29 05:00:00,0.137927
2026-04-29 06:00:00,0.32136282
2026-04-29 07:00:00,0.5254569
2026-04-29 08:00:00,0.7019466
2026-04-29 09:00:00,0.82451594
2026-04-29 10:00:00,0.86381876
2026-04-29 11:00:00,0.81178784
2026-04-29 12:00:00,0.7006871
2026-04-29 13:00:00,0.56483227
2026-04-29 14:00:00,0.41362566
2026-04-29 15:00:00,0.25854066
2026-04-29 16:00:00,0.13328233
2026-04-29 17:00:00,0.14839813
2026-04-29 18:00:00,0.26242545
2026-04-29 19:00:00,0.45079568
2026-04-29 20:00:00,0.6239211
2026-04-29 21:00:00,0.73157173
2026-04-29 22:00:00,0.7492714
2026-04-29 23:00:00,0.68087393
2026-04-30 00:00:00,0.554341
2026-04-30 01:00:00,0.41456673
2026-04-30 02:00:00,0.26676556
2026-04-30 03:00:00,0.10635456
2026-04-30 04:00:00,-0.022474714
2026-04-30 05:00:00,-0.022727778
2026-04-30 06:00:00,0.094236985
